{"food": 0.0017757081110704358, "transport": 0.8022098980780038, "entertainment": 0.108033498622181, "laundry": 9.915782923255255e-05, "savings": 0.08788173735951219}