Category,MAE,RMSE,R2
s_food,0.07455732846601609,0.09340114840871824,0.2898144159443069
s_transport,0.033852151827584054,0.04221061503004687,0.4208367153032403
s_entertainment,0.03233834333062168,0.04035468682034189,0.2059452906659247
s_laundry,0.01993675703719103,0.02440824302494601,0.21528931347260216
s_savings,0.08769836897172212,0.11108867630430237,0.6320545840883484
